<?xml version="1.0" encoding="utf-8"?>
<menu>
	<item name="extensions_manager" title="Extensions Manager" link="#" class="adminmenu">	
		<item name="em_all_extensions" title="All Extensions" link="option=com_jaextmanager&amp;extionsion_type=&amp;search=" class="adminmenu"/>
		<item name="em_components" title="Components" link="option=com_jaextmanager&amp;extionsion_type=component&amp;search=" class="adminmenu"/>	
		<item name="em_modules" title="Modules" link="option=com_jaextmanager&amp;extionsion_type=module&amp;search=" class="adminmenu"/>	
		<item name="em_plugins" title="Plugins" link="option=com_jaextmanager&amp;extionsion_type=plugin&amp;search=" class="adminmenu"/>	
		<item name="em_templates" title="Templates" link="option=com_jaextmanager&amp;extionsion_type=template&amp;search=" class="adminmenu"/>					
	</item>		
	<item name="services_manager" title="Services Manager" link="option=com_jaextmanager&amp;view=services" class="adminmenu"/>	
	<item name="repository_manager" title="Repository Manager" link="#" class="adminmenu">	
		<item name="rm_all_extensions" title="All Extensions" link="option=com_jaextmanager&amp;view=repo" class="adminmenu"/>
		<item name="rm_components" title="Components" link="option=com_jaextmanager&amp;view=repo&amp;folder=j16/component" class="adminmenu"/>	
		<item name="rm_modules" title="Modules" link="option=com_jaextmanager&amp;view=repo&amp;folder=j16/module" class="adminmenu"/>	
		<item name="rm_plugins" title="Plugins" link="option=com_jaextmanager&amp;view=repo&amp;folder=j16/plugin" class="adminmenu"/>	
		<item name="rm_templates" title="Templates" link="option=com_jaextmanager&amp;view=repo&amp;folder=j16/template" class="adminmenu"/>					
	</item>	
	<item name="configurations" title="Configurations" link="option=com_jaextmanager&amp;view=default&amp;layout=config_service" class="adminmenu"/>
	<item name="help" title="Help and Support" link="option=com_jaextmanager&amp;view=default&amp;layout=help_support" class="adminmenu"/>
</menu>